exports,log_exports,Year,MSA,Per_Capita_Income,Population,Manufacturing_Employment,Top_Corporate_Income_Tax_Rate,FHFA_index,avg_weather,energy_consumption,Minimum_Wage,S&P500_Close,lag_exports
93931822.0,18.358079779206182,2023,"Abilene, TX",56034.0,181591.0,3.5,0.0,327.1925,65.675,5156.0,7.25,4845.65,85837418.0
3116905552.0,21.860106536342148,2023,"Akron, OH",62904.0,698398.0,37.8,0.0,232.26,51.958333333333336,5752.0,10.1,4845.65,2961326540.0
3292878596.0,21.91502797236676,2023,"Albany-Schenectady-Troy, NY",71972.0,904682.0,28.0,0.065,293.24,51.400000000000006,6070.0,14.2,4845.65,3432198647.0
698463725.0,20.364393802599785,2023,"Albany, OR",57016.0,131496.0,8.3,0.076,397.92,52.55,5225.0,14.2,4845.65,714815547.0
789436821.0,20.48683036439201,2023,"Albuquerque, NM",57278.0,922296.0,16.9,0.059,279.4625,58.48333333333332,5441.0,12.0,4845.65,939665363.0
4699600559.0,22.27074335460398,2023,"Allentown-Bethlehem-Easton, PA-NJ",66493.0,873555.0,41.2,0.0899,286.9275,51.95,5786.0,7.25,4845.65,4573676863.0
204297892.0,19.135089741575047,2023,"Altoona, PA",57782.0,120273.0,7.0,0.0899,263.495,52.166666666666664,5688.0,7.25,4845.65,206184371.0
516519611.0,20.06262381482543,2023,"Amarillo, TX",60182.0,272395.0,13.8,0.0,286.42,61.34166666666666,5160.0,7.25,4845.65,653421886.0
1196165053.0,20.902386487133754,2023,"Ann Arbor, MI",77537.0,365536.0,12.5,0.06,294.3925,50.99166666666667,6218.0,10.1,4845.65,1334215011.0
587081756.0,20.190674645777268,2023,"Anniston-Oxford, AL",44737.0,116429.0,6.8,0.065,261.25,63.625,4155.0,7.25,4845.65,363698547.0
1456166806.0,21.09907334471933,2023,"Appleton, WI",64216.0,246433.0,24.9,0.079,285.745,49.53333333333333,6817.0,7.25,4845.65,1228689803.0
886594366.0,20.602898125641907,2023,"Asheville, NC",62050.0,480171.0,19.6,0.025,474.3075,55.76666666666667,4532.0,7.25,4845.65,921200108.0
32336369862.0,24.199458435629843,2023,"Atlanta-Sandy Springs-Roswell, GA",68027.0,6292404.0,180.6,0.0575,354.855,61.13333333333333,4088.0,7.25,4845.65,30833067760.0
120005764.0,18.603050332926088,2023,"Atlantic City-Hammonton, NJ",60493.0,275213.0,3.6,0.09,343.4775,56.73333333333333,5018.0,14.13,4845.65,112848814.0
234006565.0,19.27085972848398,2023,"Auburn-Opelika, AL",48511.0,183215.0,7.5,0.065,299.505,63.89166666666667,4011.0,7.25,4845.65,171968984.0
1203726521.0,20.908688016005804,2023,"Augusta-Richmond County, GA-SC",52069.0,629429.0,24.5,0.0575,291.2775,65.9,3865.0,7.25,4845.65,1192334227.0
17251453703.0,23.57116224951072,2023,"Austin-Round Rock-San Marcos, TX",80471.0,2473275.0,73.6,0.0,521.9075,72.64166666666667,4822.0,7.25,4845.65,17290740095.0
3984718461.0,22.10573249700646,2023,"Bakersfield-Delano, CA",47350.0,913820.0,12.8,0.0884,335.115,57.45000000000001,4669.0,15.5,4845.65,3374220657.0
10196211952.0,23.045282111004123,2023,"Baltimore-Columbia-Towson, MD",76923.0,2834316.0,58.7,0.0825,313.095,56.6,5029.0,13.25,4845.65,7819968818.0
9254589465.0,22.948385423803252,2023,"Baton Rouge, LA",61972.0,873661.0,30.3,0.075,276.99499999999995,70.16666666666667,4463.0,7.25,4845.65,12288369288.0
903766893.0,20.622082023378734,2023,"Battle Creek, MI",47947.0,133366.0,10.3,0.06,271.615,50.53333333333333,6354.0,10.1,4845.65,761771815.0
276575222.0,19.43799339256051,2023,"Bay City, MI",52579.0,102500.0,5.0,0.06,243.1125,49.61666666666667,6508.0,10.1,4845.65,268497475.0
27748448808.0,24.046445776765648,2023,"Beaumont-Port Arthur, TX",51459.0,395479.0,20.9,0.0,277.73249999999996,72.55833333333334,4625.0,7.25,4845.65,36415234435.0
2845543331.0,21.76901986379522,2023,"Bellingham, WA",62095.0,231919.0,9.2,0.0,443.465,44.30833333333333,7651.0,15.74,4845.65,2249407267.0
237184100.0,19.284347190800624,2023,"Bend, OR",81025.0,208513.0,8.3,0.076,542.44,46.14166666666666,7423.0,14.2,4845.65,155805514.0
319321100.0,19.581707737556183,2023,"Binghamton, NY",52659.0,243792.0,10.8,0.065,255.5225,47.99166666666667,6725.0,14.2,4845.65,351097661.0
2038918392.0,21.435685304196813,2023,"Birmingham, AL",66502.0,1119562.0,40.1,0.065,285.7075,62.600000000000016,4193.0,7.25,4845.65,1790664002.0
84968053.0,18.25778589674756,2023,"Bismarck, ND",72043.0,135786.0,2.9,0.0431,366.6925,42.541666666666664,9284.0,7.25,4845.65,539058573.0
210147210.0,19.163318843096008,2023,"Bloomington, IL",61174.0,170441.0,10.4,0.095,213.2,54.32500000000001,5943.0,13.0,4845.65,143617605.0
1929671557.0,21.380615647661127,2023,"Bloomington, IN",56651.0,160874.0,11.6,0.049,310.585,56.09166666666667,5179.0,7.25,4845.65,1304753553.0
1922586116.0,21.37693705209899,2023,"Boise City, ID",63689.0,824657.0,30.9,0.065,464.5499999999999,51.1,6778.0,7.25,4845.65,2156662374.0
1213085453.0,20.916432912077457,2023,"Boulder, CO",100242.0,326831.0,21.3,0.044,463.135,45.13333333333333,7689.0,13.65,4845.65,1201872397.0
760866696.0,20.44996873096819,2023,"Bowling Green, KY",47028.0,188840.0,14.5,0.05,283.42,58.64166666666667,4772.0,7.25,4845.65,486732324.0
74128808.0,18.12131478664391,2023,"Bremerton-Silverdale-Port Orchard, WA",73841.0,277658.0,2.7,0.0,421.3375,49.60833333333333,5881.0,15.74,4845.65,91389247.0
8012048221.0,22.804212273328975,2023,"Brownsville-Harlingen, TX",38523.0,426710.0,7.5,0.0,282.835,76.90833333333332,5198.0,7.25,4845.65,7876452839.0
5557106977.0,22.438343481913677,2023,"Buffalo-Cheektowaga, NY",61106.0,1155604.0,54.3,0.065,299.295,49.25833333333333,6491.0,14.2,4845.65,5528702914.0
281693308.0,19.45632947679588,2023,"Burlington, NC",51405.0,179165.0,8.8,0.025,273.2975,60.116666666666674,4331.0,7.25,4845.65,342757853.0
1329702658.0,21.00822118877207,2023,"Canton-Massillon, OH",56549.0,399474.0,25.5,0.0,244.115,52.35833333333333,5697.0,10.1,4845.65,1317380140.0
935384469.0,20.656468199526177,2023,"Cape Coral-Fort Myers, FL",65878.0,834573.0,8.2,0.055,451.4225,76.84166666666668,4681.0,12.0,4845.65,886891872.0
188985500.0,19.0571808505041,2023,"Carson City, NV",63498.0,58036.0,2.7,0.0,362.03,49.42499999999999,6873.0,10.25,4845.65,217343571.0
106304882.0,18.481821768880348,2023,"Casper, WY",79846.0,79941.0,1.9,0.0,388.6625,45.31666666666666,7795.0,5.15,4845.65,94928049.0
1175382740.0,20.88485966767224,2023,"Cedar Rapids, IA",63448.0,275668.0,20.1,0.084,227.4775,51.44166666666666,6763.0,7.25,4845.65,1018712972.0
590144385.0,20.195877785263885,2023,"Champaign-Urbana, IL",59680.0,222358.0,8.1,0.095,248.135,53.525,5977.0,13.0,4845.65,535290324.0
9497593903.0,22.97430433010537,2023,"Charleston-North Charleston, SC",68486.0,849417.0,33.0,0.05,544.46,66.35,3836.0,7.25,4845.65,4255965895.0
479018467.0,19.987249707867942,2023,"Charleston, WV",56140.0,250458.0,3.3,0.065,213.6625,56.525,4897.0,8.75,4845.65,723317611.0
11470260682.0,23.163023495118008,2023,"Charlotte-Concord-Gastonia, NC-SC",69588.0,2805115.0,110.1,0.025,375.8275,62.15833333333334,4100.0,7.25,4845.65,12223105948.0
156375800.0,18.867772642645537,2023,"Charlottesville, VA",90472.0,225127.0,4.3,0.06,366.625,57.88333333333333,4521.0,12.0,4845.65,202059736.0
2438709151.0,21.61473469978694,2023,"Chattanooga, TN-GA",58813.0,580971.0,40.1,0.065,373.2375,58.64166666666667,4465.0,7.25,4845.65,2146424438.0
56078118.0,17.842256240926346,2023,"Cheyenne, WY",65150.0,100984.0,1.3,0.0,360.755,45.31666666666666,7795.0,5.15,4845.65,54874695.0
56656619434.0,24.76027466550245,2023,"Chicago-Naperville-Elgin, IL-IN",77429.0,9430313.0,404.6,0.095,244.9775,51.78333333333334,6357.0,13.0,4845.65,63374608219.0
264467947.0,19.39323061855449,2023,"Chico, CA",56847.0,207172.0,4.2,0.0884,351.1275,54.7,5252.0,15.5,4845.65,302267233.0
31216184871.0,24.16420254312511,2023,"Cincinnati, OH-KY-IN",68560.0,2278452.0,120.5,0.0,274.0675,55.14166666666667,5330.0,10.1,4845.65,29284952652.0
445561120.0,19.91484498962874,2023,"Clarksville, TN-KY",51007.0,340495.0,13.3,0.065,338.7,60.525000000000006,4496.0,7.25,4845.65,376695502.0
10206224005.0,23.046263567711037,2023,"Cleveland-Elyria, OH",67451.0,2062087.0,119.3,0.0,226.46750000000003,51.958333333333336,5752.0,10.1,4845.65,9561162187.0
538380575.0,20.104076256520596,2023,"Cleveland, TN",48971.0,129612.0,8.5,0.065,346.11249999999995,58.64166666666667,4465.0,7.25,4845.65,622821361.0
179995586.0,19.008442886331583,2023,"College Station-Bryan, TX",51507.0,281445.0,6.3,0.0,363.9325,68.49166666666667,4620.0,7.25,4845.65,136154587.0
1425695529.0,21.077925622115902,2023,"Colorado Springs, CO",65775.0,768832.0,12.5,0.044,387.4275,50.13333333333333,6597.0,13.65,4845.65,1209497786.0
2160305701.0,21.49351557686905,2023,"Columbia, SC",57976.0,858302.0,32.2,0.05,288.35499999999996,64.99166666666667,3940.0,7.25,4845.65,2351346819.0
911837991.0,20.63097289081113,2023,"Columbus, GA-AL",49717.0,323768.0,10.8,0.0575,240.8875,64.44166666666665,3962.0,7.25,4845.65,563957748.0
2541566950.0,21.656046637215265,2023,"Columbus, IN",65564.0,84003.0,19.5,0.049,258.59749999999997,54.291666666666664,5563.0,7.25,4845.65,2412700928.0
8418936643.0,22.853749367795537,2023,"Columbus, OH",65277.0,2180271.0,74.8,0.0,306.9625,53.758333333333326,5512.0,10.1,4845.65,7597282971.0
72540434427.0,25.007409959575625,2023,"Corpus Christi, TX",56264.0,422949.0,9.0,0.0,306.08750000000003,72.64166666666667,4822.0,7.25,4845.65,79642984888.0
194052508.0,19.083639340199664,2023,"Corvallis, OR",60307.0,97713.0,2.9,0.076,366.19000000000005,52.55,5225.0,14.2,4845.65,269762325.0
140397336.0,18.75998707501699,2023,"Crestview-Fort Walton Beach-Destin, FL",69941.0,304818.0,3.4,0.055,414.21,69.74166666666667,4071.0,12.0,4845.65,116615612.0
51863702099.0,24.67188500091475,2023,"Dallas-Fort Worth-Arlington, TX",74165.0,8100037.0,306.6,0.0,412.185,67.825,5003.0,7.25,4845.65,50632871547.0
321315939.0,19.587935430698796,2023,"Dalton, GA",45373.0,144722.0,22.3,0.0575,306.95000000000005,61.9,4183.0,7.25,4845.65,328335120.0
6049970127.0,22.52331917129102,2023,"Davenport-Moline-Rock Island, IA-IL",60134.0,379441.0,25.0,0.084,257.9825,51.44166666666666,6763.0,7.25,4845.65,8173642074.0
3640162459.0,22.015294149192503,2023,"Dayton-Kettering-Beavercreek, OH",59915.0,814363.0,41.3,0.0,228.46,55.14166666666667,5330.0,10.1,4845.65,3480276846.0
361759590.0,19.706490433145216,2023,"Decatur, AL",48528.0,158635.0,14.1,0.065,287.765,62.29166666666668,4363.0,7.25,4845.65,400635705.0
2706467820.0,21.718910234235924,2023,"Decatur, IL",60030.0,100591.0,11.0,0.095,205.48,54.32500000000001,5943.0,13.0,4845.65,2646214261.0
419512811.0,19.854604622141828,2023,"Deltona-Daytona Beach-Ormond Beach, FL",57280.0,721796.0,13.0,0.055,437.8850000000001,73.76666666666667,4278.0,12.0,4845.65,391206055.0
5724226314.0,22.46797323559487,2023,"Denver-Aurora-Centennial, CO",89297.0,3005131.0,69.0,0.044,483.74,45.13333333333333,7689.0,13.65,4845.65,5761675875.0
2175715924.0,21.50062360778541,2023,"Des Moines-West Des Moines, IA",68420.0,737164.0,24.9,0.084,276.3225,50.76666666666667,6972.0,7.25,4845.65,1706844535.0
45591437183.0,24.542985754759115,2023,"Detroit-Warren-Dearborn, MI",66098.0,4342304.0,255.4,0.06,254.4275,50.99166666666667,6218.0,10.1,4845.65,40395325692.0
204407408.0,19.13562565829852,2023,"Dothan, AL",52512.0,153349.0,5.4,0.065,242.21750000000003,67.41666666666667,4129.0,7.25,4845.65,185607114.0
207065079.0,19.1485436931234,2023,"Dover, DE",52494.0,189789.0,4.6,0.087,283.625,58.05833333333334,4770.0,11.75,4845.65,186773757.0
1409752233.0,21.0666798046191,2023,"Duluth, MN-WI",57316.0,292458.0,8.4,0.098,385.6575,40.01666666666666,9395.0,10.59,4845.65,1517063732.0
4898709346.0,22.312237608591932,2023,"Durham-Chapel Hill, NC",68654.0,671071.0,29.4,0.025,360.8275,60.116666666666674,4331.0,7.25,4845.65,4071751200.0
926047996.0,20.646436622800724,2023,"Eau Claire, WI",59135.0,174873.0,10.8,0.079,362.5675,47.21666666666667,7710.0,7.25,4845.65,883036487.0
5277716878.0,22.38675943167895,2023,"El Centro, CA",47991.0,179057.0,2.3,0.0884,314.51,64.77499999999999,4991.0,15.5,4845.65,5293544899.0
35222981642.0,24.28496459406892,2023,"El Paso, TX",46732.0,873331.0,17.4,0.0,278.2425,67.05833333333332,4783.0,7.25,4845.65,36488272764.0
119854367.0,18.60178795539403,2023,"Elizabethtown, KY",53708.0,157707.0,8.2,0.05,311.655,58.64166666666667,4772.0,7.25,4845.65,126769425.0
2190279603.0,21.50729504522811,2023,"Elkhart-Goshen, IN",58662.0,206409.0,65.0,0.049,275.6075,52.325,6001.0,7.25,4845.65,3192793193.0
216214438.0,19.1917812416982,2023,"Elmira, NY",53850.0,81325.0,4.9,0.065,232.4325,48.650000000000006,6544.0,14.2,4845.65,209094062.0
1423161162.0,21.07614640473612,2023,"Erie, PA",54694.0,267571.0,18.8,0.0899,245.095,49.650000000000006,6250.0,7.25,4845.65,1130057850.0
415177246.0,19.844216085809425,2023,"Eugene-Springfield, OR",61634.0,381181.0,14.8,0.076,390.8275,52.55,5225.0,14.2,4845.65,434882877.0
5226228565.0,22.376955739215493,2023,"Evansville, IN",61605.0,314836.0,17.9,0.049,273.865,57.19166666666667,5208.0,7.25,4845.65,4578781447.0
880113997.0,20.595561999092133,2023,"Fargo, ND-MN",68326.0,262620.0,12.2,0.0431,322.455,41.75833333333333,9630.0,7.25,4845.65,518720703.0
758296204.0,20.446584637724307,2023,"Fayetteville-Springdale-Rogers, AR",89095.0,590337.0,27.3,0.053,350.68750000000006,59.45,4998.0,11.0,4845.65,715514972.0
297487870.0,19.51088400900947,2023,"Fayetteville, NC",47602.0,533813.0,8.1,0.025,256.3425,63.54999999999999,3989.0,7.25,4845.65,320533383.0
62821897.0,17.95581424900821,2023,"Flagstaff, AZ",62002.0,144472.0,3.9,0.049,446.5025,52.041666666666664,6216.0,13.85,4845.65,138903485.0
1024217978.0,20.747195210050933,2023,"Flint, MI",52520.0,401522.0,14.0,0.06,242.155,50.99166666666667,6218.0,10.1,4845.65,1099975239.0
195678295.0,19.091982516659943,2023,"Florence-Muscle Shoals, AL",47156.0,155175.0,8.7,0.065,272.525,62.29166666666668,4363.0,7.25,4845.65,149239321.0
923565240.0,20.643751999396414,2023,"Fond du Lac, WI",60018.0,103948.0,10.7,0.079,270.47,47.849999999999994,7161.0,7.25,4845.65,1018734378.0
1180514115.0,20.88921587121633,2023,"Fort Collins-Loveland, CO",71359.0,370771.0,15.3,0.044,434.1875,45.13333333333333,7689.0,13.65,4845.65,1178788497.0
378786084.0,19.75248218153696,2023,"Fort Smith, AR-OK",47206.0,248748.0,17.8,0.053,277.585,61.96666666666666,4846.0,11.0,4845.65,432572349.0
2032126115.0,21.43234842920523,2023,"Fort Wayne, IN",60361.0,429287.0,38.6,0.049,280.48,52.01666666666665,5988.0,7.25,4845.65,1787524326.0
3109117168.0,21.857604654028886,2023,"Fresno, CA",52728.0,1017162.0,30.2,0.0884,359.44000000000005,57.45000000000001,4669.0,15.5,4845.65,3426847916.0
41195094.0,17.533829729559542,2023,"Gadsden, AL",45062.0,103241.0,4.4,0.065,289.20000000000005,63.625,4155.0,7.25,4845.65,34430071.0
306642134.0,19.541191938313165,2023,"Gainesville, FL",54166.0,352126.0,5.5,0.055,380.235,71.0,4029.0,12.0,4845.65,307153011.0
89102296.0,18.30529566090813,2023,"Gettysburg, PA",58880.0,106748.0,7.2,0.0899,284.065,54.8,5379.0,7.25,4845.65,88978362.0
252046732.0,19.345125072727445,2023,"Glens Falls, NY",59040.0,125427.0,5.9,0.065,305.76250000000005,43.89166666666667,7953.0,14.2,4845.65,267647913.0
487909730.0,20.005640967198406,2023,"Grand Forks, ND-MN",62364.0,103120.0,4.4,0.0431,297.7975,40.59166666666667,9922.0,7.25,4845.65,255884666.0
95309419.0,18.372639198997632,2023,"Grand Junction, CO",57653.0,159681.0,3.1,0.044,415.7375,42.375,8507.0,13.65,4845.65,96325240.0
6306437923.0,22.564836841106835,2023,"Grand Rapids-Wyoming-Kentwood, MI",65239.0,1099142.0,118.8,0.06,332.865,50.94166666666667,6257.0,10.1,4845.65,5789184780.0
41158796.0,17.532948216801604,2023,"Grants Pass, OR",55038.0,87821.0,3.0,0.076,388.5475,51.11666666666667,5809.0,14.2,4845.65,50861769.0
1987030831.0,21.40990731675203,2023,"Greeley, CO",62532.0,359442.0,13.4,0.044,407.5775,45.13333333333333,7689.0,13.65,4845.65,2132429030.0
835055588.0,20.54300885305437,2023,"Green Bay, WI",63575.0,331882.0,32.0,0.079,286.905,47.849999999999994,7161.0,7.25,4845.65,855131583.0
2239417478.0,21.529481614529047,2023,"Greensboro-High Point, NC",56030.0,789842.0,48.5,0.025,271.32250000000005,60.116666666666674,4331.0,7.25,4845.65,2375598129.0
15371002863.0,23.45574864044903,2023,"Greenville-Anderson-Greer, SC",55747.0,975480.0,61.4,0.05,347.40250000000003,62.008333333333326,4081.0,7.25,4845.65,14429504273.0
1219486336.0,20.921695570965433,2023,"Greenville, NC",56956.0,175119.0,6.7,0.025,248.34250000000003,62.76666666666667,4061.0,7.25,4845.65,1240979019.0
202423067.0,19.1258704562751,2023,"Hagerstown-Martinsburg, MD-WV",55041.0,305902.0,10.4,0.0825,285.82500000000005,54.458333333333336,5344.0,13.25,4845.65,145073185.0
280938717.0,19.45364711454519,2023,"Hanford-Corcoran, CA",43994.0,152682.0,4.7,0.0884,317.7525,57.45000000000001,4669.0,15.5,4845.65,396416778.0
3200187278.0,21.88647516941461,2023,"Harrisburg-Carlisle, PA",64066.0,606055.0,22.3,0.0899,269.70000000000005,52.150000000000006,5781.0,7.25,4845.65,3117516715.0
1258263172.0,20.9529981720738,2023,"Hickory-Lenoir-Morganton, NC",52213.0,370030.0,41.2,0.025,311.29999999999995,60.78333333333333,4231.0,7.25,4845.65,1268321680.0
175470148376.0,25.890734770660934,2023,"Houston-Pasadena-The Woodlands, TX",72453.0,7481317.0,233.2,0.0,385.9925,72.55833333333334,4625.0,7.25,4845.65,191846947832.0
1748855085.0,21.282227173632467,2023,"Huntington-Ashland, WV-KY-OH",51286.0,352261.0,12.9,0.065,235.4525,56.525,4897.0,8.75,4845.65,1176963410.0
1762101622.0,21.28977303703113,2023,"Huntsville, AL",64089.0,527254.0,34.6,0.065,301.475,62.29166666666668,4363.0,7.25,4845.65,1558661705.0
291900933.0,19.491925032119337,2023,"Idaho Falls, ID",57483.0,168322.0,5.3,0.065,403.0425,42.23333333333333,8695.0,7.25,4845.65,212946894.0
23080561492.0,23.862256606366643,2023,"Indianapolis-Carmel-Greenwood, IN",72494.0,2160779.0,96.7,0.049,284.3775,54.291666666666664,5563.0,7.25,4845.65,14671525027.0
167808712.0,18.93833526960077,2023,"Ithaca, NY",54159.0,103558.0,2.6,0.065,329.8325,49.19999999999999,6483.0,14.2,4845.65,180360337.0
526425833.0,20.081621011619276,2023,"Jackson, MI",48818.0,159424.0,9.5,0.06,266.70000000000005,50.53333333333333,6354.0,10.1,4845.65,435352150.0
1255282088.0,20.950626155587617,2023,"Jackson, MS",58104.0,582750.0,26.1,0.05,229.19,68.35000000000001,4393.0,7.25,4845.65,526425833.0
570058184.0,20.16124899077633,2023,"Jackson, TN",52273.0,181826.0,15.0,0.065,265.8075,61.79166666666668,4613.0,7.25,4845.65,516498492.0
2730785806.0,21.72785524575064,2023,"Jacksonville, FL",65324.0,1713240.0,35.8,0.055,440.8575,71.0,4029.0,12.0,4845.65,3007770485.0
1068100668.0,20.789147831469336,2023,"Janesville-Beloit, WI",56319.0,164278.0,11.8,0.079,293.035,49.56666666666666,6946.0,7.25,4845.65,1100615675.0
538475005.0,20.104251637513176,2023,"Johnson City, TN",51590.0,213198.0,8.4,0.065,346.6325,58.64166666666667,4465.0,7.25,4845.65,469925803.0
138749920.0,18.748183734014074,2023,"Johnstown, PA",50932.0,130668.0,4.2,0.0899,230.675,52.166666666666664,5688.0,7.25,4845.65,146520491.0
321520195.0,19.588570914599188,2023,"Joplin, MO-KS",47609.0,185733.0,15.4,0.04,277.27750000000003,58.68333333333333,5249.0,12.0,4845.65,293597020.0
2482479686.0,21.63252377096996,2023,"Kalamazoo-Portage, MI",63668.0,262215.0,22.1,0.06,277.7675,50.94166666666667,6257.0,10.1,4845.65,3660124749.0
2157312150.0,21.49212890876502,2023,"Kankakee, IL",53698.0,105940.0,6.9,0.095,212.765,53.525,5977.0,13.0,4845.65,2348182495.0
10627207057.0,23.08668325319722,2023,"Kansas City, MO-KS",69865.0,2221343.0,88.5,0.04,333.47249999999997,55.21666666666667,6067.0,12.0,4845.65,9623493835.0
796110364.0,20.495248382439083,2023,"Kennewick-Richland, WA",54152.0,314253.0,9.6,0.0,352.97249999999997,52.150000000000006,6281.0,15.74,4845.65,712923242.0
190264535.0,19.063925951262153,2023,"Killeen-Temple, TX",50292.0,501333.0,8.2,0.0,319.16249999999997,67.825,5003.0,7.25,4845.65,182325417.0
3793320793.0,22.0565076710835,2023,"Kingsport-Bristol, TN-VA",50922.0,313025.0,21.2,0.065,344.2025,58.64166666666667,4465.0,7.25,4845.65,6686621190.0
203901025.0,19.133145262506055,2023,"Kingston, NY",66314.0,182333.0,3.5,0.065,421.0925,47.99166666666667,6725.0,14.2,4845.65,179799401.0
2901454761.0,21.78847808988283,2023,"Knoxville, TN",62167.0,921583.0,47.0,0.065,387.515,58.64166666666667,4465.0,7.25,4845.65,3877781750.0
1420558060.0,21.074315631355308,2023,"Kokomo, IN",50368.0,83831.0,9.1,0.049,224.5325,54.291666666666664,5563.0,7.25,4845.65,947979753.0
407601342.0,19.825800151750997,2023,"La Crosse-Onalaska, WI-MN",62497.0,139068.0,9.5,0.079,340.1,47.21666666666667,7710.0,7.25,4845.65,435877129.0
2423177727.0,21.608345626070182,2023,"Lafayette-West Lafayette, IN",51180.0,226564.0,21.6,0.049,255.87,54.34166666666667,5668.0,7.25,4845.65,1879450648.0
836154772.0,20.54432428788509,2023,"Lafayette, LA",57906.0,481947.0,14.0,0.075,265.0375,71.55,4518.0,7.25,4845.65,911842200.0
29601199978.0,24.111080737252006,2023,"Lake Charles, LA",54391.0,208529.0,11.8,0.075,267.005,71.075,4512.0,7.25,4845.65,41097900407.0
36858400.0,17.422594101776028,2023,"Lake Havasu City-Kingman, AZ",46777.0,223682.0,3.0,0.049,396.7525,62.125,5238.0,13.85,4845.65,30519696.0
1333763047.0,21.011270142725454,2023,"Lakeland-Winter Haven, FL",44430.0,818330.0,19.7,0.055,415.895,74.97500000000001,4384.0,12.0,4845.65,1498153035.0
902929317.0,20.62115483257005,2023,"Lancaster, PA",66876.0,558589.0,37.6,0.0899,303.11,54.93333333333334,5324.0,7.25,4845.65,859363797.0
1514208420.0,21.138158644310135,2023,"Lansing-East Lansing, MI",53806.0,541202.0,20.9,0.06,250.9675,50.53333333333333,6354.0,10.1,4845.65,1456556618.0
11242517828.0,23.14296866237617,2023,"Laredo, TX",42757.0,269148.0,1.0,0.0,271.065,74.81666666666666,5025.0,7.25,4845.65,13000551107.0
3418183392.0,21.95237507496931,2023,"Las Cruces, NM",47712.0,225210.0,3.3,0.059,277.0325,61.80833333333334,5061.0,12.0,4845.65,3042538198.0
2762295850.0,21.73932800060702,2023,"Las Vegas-Henderson-North Las Vegas, NV",63767.0,2336573.0,30.2,0.0,342.2025,64.24166666666667,5327.0,10.25,4845.65,2116347688.0
24533767.0,17.0155609715052,2023,"Lawton, OK",51510.0,127001.0,3.9,0.04,203.885,63.625,5346.0,7.25,4845.65,27336051.0
349923839.0,19.673226085911654,2023,"Lebanon, PA",58851.0,144252.0,9.3,0.0899,280.815,54.93333333333334,5324.0,7.25,4845.65,261361240.0
184144232.0,19.031229878073184,2023,"Lewiston, ID-WA",56797.0,65536.0,4.7,0.065,375.6575,49.3,6733.0,7.25,4845.65,132900050.0
3343261322.0,21.930212611236534,2023,"Lexington-Fayette, KY",63021.0,520045.0,31.7,0.05,317.33000000000004,57.15833333333333,4964.0,7.25,4845.65,2677201889.0
322933674.0,19.592957516447782,2023,"Lima, OH",54010.0,100838.0,8.6,0.0,259.7575,53.28333333333333,5765.0,10.1,4845.65,519922750.0
1082246966.0,20.80230524086363,2023,"Lincoln, NE",66373.0,344387.0,15.1,0.0725,304.58500000000004,52.724999999999994,6869.0,10.5,4845.65,1161344402.0
1464032921.0,21.10446073925456,2023,"Little Rock-North Little Rock-Conway, AR",59463.0,764045.0,20.0,0.053,261.9425,63.51666666666666,4775.0,11.0,4845.65,1373747905.0
6790275400.0,22.638757337341033,2023,"Longview-Kelso, WA",57947.0,112864.0,7.4,0.0,377.0524999999999,49.60833333333333,5881.0,15.74,4845.65,8194250504.0
462444892.0,19.952037955385105,2023,"Longview, TX",53386.0,293498.0,15.5,0.0,318.985,68.49166666666667,4620.0,7.25,4845.65,450083811.0
59561594613.0,24.810276817624104,2023,"Los Angeles-Long Beach-Anaheim, CA",80898.0,12799100.0,475.0,0.0884,510.285,59.92499999999999,3541.0,15.5,4845.65,60979747066.0
291373746.0,19.49011735157863,2023,"Lubbock, TX",54524.0,331618.0,5.3,0.0,279.69,61.34166666666666,5160.0,7.25,4845.65,670624087.0
468566436.0,19.965188455352337,2023,"Lynchburg, VA",51243.0,264590.0,14.2,0.06,298.8075,57.88333333333333,4521.0,12.0,4845.65,389839242.0
2822911619.0,21.761034678253356,2023,"Madison, WI",75862.0,694345.0,38.8,0.079,319.57,49.56666666666666,6946.0,7.25,4845.65,2893829065.0
435568562.0,19.892162774701404,2023,"Mansfield, OH",48116.0,125064.0,9.5,0.0,252.6,52.09166666666667,5788.0,10.1,4845.65,384982949.0
7072388370.0,22.679464077346292,2023,"McAllen-Edinburg-Mission, TX",34373.0,898471.0,7.0,0.0,267.9525,76.90833333333332,5198.0,7.25,4845.65,5677139380.0
194247462.0,19.08464348148961,2023,"Medford, OR",62541.0,220768.0,7.1,0.076,371.0875,51.11666666666667,5809.0,14.2,4845.65,224026500.0
17853453257.0,23.60546278623704,2023,"Memphis, TN-MS-AR",60083.0,1328236.0,43.0,0.065,268.0325,61.79166666666668,4613.0,7.25,4845.65,17835298149.0
1047122681.0,20.769311935800484,2023,"Merced, CA",46654.0,291920.0,9.9,0.0884,352.3299999999999,57.45000000000001,4669.0,15.5,4845.65,1110226984.0
44256370981.0,24.51326517500841,2023,"Miami-Fort Lauderdale-West Palm Beach, FL",84302.0,6183199.0,98.9,0.055,509.1925,76.84166666666668,4681.0,12.0,4845.65,41517811279.0
450253570.0,19.92532147091728,2023,"Michigan City-La Porte, IN",53144.0,111706.0,8.5,0.049,284.26500000000004,52.50833333333333,6030.0,7.25,4845.65,468883466.0
72403195.0,18.097760986216507,2023,"Midland, TX",143469.0,182324.0,4.4,0.0,431.3674999999999,61.34166666666666,5160.0,7.25,4845.65,76230621.0
9352452625.0,22.958904458683236,2023,"Milwaukee-Waukesha, WI",72316.0,1560424.0,114.6,0.079,290.545,49.53333333333333,6817.0,7.25,4845.65,8742547144.0
22209368013.0,23.823780019382607,2023,"Minneapolis-St. Paul-Bloomington, MN-WI",79654.0,3712020.0,202.8,0.098,335.1625,44.55833333333333,8413.0,10.59,4845.65,21964293629.0
2170842462.0,21.498381160492897,2023,"Mobile, AL",50384.0,426662.0,16.2,0.065,283.8225,69.90833333333335,4233.0,7.25,4845.65,3102179650.0
1460788316.0,21.10224206941593,2023,"Modesto, CA",53058.0,551430.0,23.7,0.0884,371.505,57.45000000000001,4669.0,15.5,4845.65,1697370897.0
764160492.0,20.454288393132416,2023,"Monroe, LA",49272.0,202173.0,7.2,0.075,258.7125,67.14166666666667,4507.0,7.25,4845.65,568196831.0
514921485.0,20.059524990694687,2023,"Monroe, MI",59956.0,155045.0,5.9,0.06,239.7925,50.99166666666667,6218.0,10.1,4845.65,789861295.0
996216077.0,20.719474736798873,2023,"Montgomery, AL",53266.0,385480.0,19.5,0.065,206.12499999999997,66.21666666666665,4222.0,7.25,4845.65,1103458341.0
58518662.0,17.884856269876686,2023,"Morgantown, WV",55012.0,141817.0,2.2,0.065,278.2925,54.48333333333333,5158.0,8.75,4845.65,80263753.0
472315403.0,19.973157547080696,2023,"Morristown, TN",48618.0,148735.0,12.2,0.065,345.5225,58.64166666666667,4465.0,7.25,4845.65,440582359.0
518634740.0,20.066710416869977,2023,"Mount Vernon-Anacortes, WA",67173.0,131417.0,5.9,0.0,413.1875,49.60833333333333,5881.0,15.74,4845.65,724269739.0
339269680.0,19.642305865313595,2023,"Muncie, IN",47629.0,112321.0,4.0,0.049,243.09,53.30833333333334,5642.0,7.25,4845.65,188496286.0
1103471893.0,20.821727312561872,2023,"Muskegon-Norton Shores, MI",49244.0,176564.0,13.5,0.06,326.6975,48.625,6742.0,10.1,4845.65,932712576.0
205978831.0,19.14328395933754,2023,"Myrtle Beach-Conway-North Myrtle Beach, SC",54210.0,557442.0,3.6,0.05,383.9825,64.50833333333334,3939.0,7.25,4845.65,325165360.0
500246731.0,20.030611996674132,2023,"Napa, CA",94973.0,133216.0,15.0,0.0884,431.9,52.99999999999999,5120.0,15.5,4845.65,532239328.0
264003664.0,19.39147353980216,2023,"Naples-Marco Island, FL",134527.0,404310.0,5.6,0.055,556.345,76.84166666666668,4681.0,12.0,4845.65,276834800.0
10385411623.0,23.063667929791347,2023,"Nashville-Davidson--Murfreesboro--Franklin, TN",79453.0,2076747.0,86.7,0.065,447.7225,60.525000000000006,4496.0,7.25,4845.65,9347482135.0
38978621561.0,24.386279167676076,2023,"New Orleans-Metairie, LA",66588.0,1237748.0,26.6,0.075,305.8275,72.01666666666667,4476.0,7.25,4845.65,52912936789.0
106209005789.0,25.38867474243198,2023,"New York-Newark-Jersey City, NY-NJ",91448.0,19559496.0,333.0,0.065,373.125,51.400000000000006,6070.0,14.2,4845.65,120643732664.0
378681900.0,19.752207096641342,2023,"Niles, MI",61127.0,152261.0,12.8,0.06,301.225,50.94166666666667,6257.0,10.1,4845.65,371682469.0
1082597789.0,20.802629350019505,2023,"North Port-Bradenton-Sarasota, FL",74949.0,910108.0,18.7,0.055,502.565,74.97500000000001,4384.0,12.0,4845.65,1001860526.0
123676088.0,18.63317651229021,2023,"Ocala, FL",46682.0,409959.0,9.9,0.055,379.605,73.76666666666667,4278.0,12.0,4845.65,122059440.0
86234802.0,18.272584389653513,2023,"Odessa, TX",58961.0,164494.0,4.0,0.0,349.875,67.05833333333332,4783.0,7.25,4845.65,93094943.0
1571549410.0,21.17532785500575,2023,"Ogden, UT",59122.0,720817.0,33.0,0.0485,415.8624999999999,40.88333333333333,8944.0,7.25,4845.65,1764309810.0
2277724653.0,21.546442822409396,2023,"Oklahoma City, OK",64468.0,1477926.0,36.3,0.04,319.8125,62.04166666666666,5207.0,7.25,4845.65,2019053734.0
325003796.0,19.5993474202258,2023,"Olympia-Lacey-Tumwater, WA",65892.0,299003.0,3.3,0.0,388.92,52.07500000000001,5095.0,15.74,4845.65,447443437.0
3410953756.0,21.950257782976447,2023,"Omaha, NE-IA",75033.0,983969.0,35.8,0.0725,312.425,52.724999999999994,6869.0,10.5,4845.65,4585463416.0
4443472460.0,22.21470199330656,2023,"Orlando-Kissimmee-Sanford, FL",57774.0,2817933.0,52.6,0.055,425.255,73.76666666666667,4278.0,12.0,4845.65,4096882751.0
1329588209.0,21.00813511394551,2023,"Oshkosh-Neenah, WI",60180.0,171735.0,21.0,0.079,281.6425,47.849999999999994,7161.0,7.25,4845.65,1287310546.0
66015150.0,18.005394819103717,2023,"Owensboro, KY",53113.0,121432.0,7.2,0.05,270.84250000000003,59.625,4792.0,7.25,4845.65,140871300.0
3313496096.0,21.92126969128151,2023,"Oxnard-Thousand Oaks-Ventura, CA",78091.0,829590.0,27.1,0.0884,436.2575,59.92499999999999,3541.0,15.5,4845.65,3111134519.0
1822788708.0,21.323633422469772,2023,"Palm Bay-Melbourne-Titusville, FL",60162.0,643979.0,34.1,0.055,444.25250000000005,74.97500000000001,4384.0,12.0,4845.65,1705155791.0
162206127.0,18.904378473284805,2023,"Panama City-Panama City Beach, FL",56070.0,190769.0,3.5,0.055,404.19,69.74166666666667,4071.0,12.0,4845.65,221400711.0
719379950.0,20.393900218389813,2023,"Parkersburg-Vienna, WV",58164.0,88052.0,3.0,0.065,248.7675,54.29999999999999,5263.0,8.75,4845.65,819474828.0
1114552289.0,20.83171862669277,2023,"Pensacola-Ferry Pass-Brent, FL",56938.0,530090.0,7.0,0.055,389.37,69.74166666666667,4071.0,12.0,4845.65,1355211149.0
4903884372.0,22.313293456998924,2023,"Peoria, IL",60980.0,394781.0,23.6,0.095,218.13,54.32500000000001,5943.0,13.0,4845.65,4167714891.0
28760180487.0,24.08225764540543,2023,"Philadelphia-Camden-Wilmington, PA-NJ-DE-MD",78761.0,6246160.0,181.2,0.0899,368.0499999999999,54.93333333333334,5324.0,7.25,4845.65,29352096129.0
17553625455.0,23.588526344156335,2023,"Phoenix-Mesa-Chandler, AZ",66365.0,5070110.0,149.7,0.049,486.5225,70.54166666666667,5303.0,13.85,4845.65,16658778158.0
11538437401.0,23.16894968166561,2023,"Pittsburgh, PA",70559.0,2338253.0,88.0,0.0899,294.4875,52.04166666666666,5709.0,7.25,4845.65,11188280844.0
156202588.0,18.866664363734525,2023,"Pocatello, ID",49769.0,98653.0,2.3,0.065,393.7374999999999,42.23333333333333,8695.0,7.25,4845.65,160369468.0
339937085.0,19.64427111433406,2023,"Port St. Lucie, FL",73080.0,536901.0,8.5,0.055,455.705,74.97500000000001,4384.0,12.0,4845.65,329093946.0
26973156822.0,24.01810801663651,2023,"Portland-Vancouver-Hillsboro, OR-WA",74992.0,2508050.0,125.6,0.076,431.54,52.55,5225.0,14.2,4845.65,34368003214.0
1416720312.0,21.071610397791797,2023,"Provo-Orem-Lehi, UT",57531.0,732197.0,24.4,0.0485,408.5925,48.708333333333336,7309.0,7.25,4845.65,1318376162.0
216510019.0,19.19314738147232,2023,"Pueblo, CO",48891.0,169422.0,4.9,0.044,355.83250000000004,50.13333333333333,6597.0,13.65,4845.65,217282382.0
24653222.0,17.020418159850323,2023,"Punta Gorda, FL",55332.0,206134.0,1.0,0.055,443.1775,76.84166666666668,4681.0,12.0,4845.65,33016228.0
3619798253.0,22.00968413001558,2023,"Racine-Mount Pleasant, WI",62570.0,196613.0,18.7,0.079,279.41499999999996,49.53333333333333,6817.0,7.25,4845.65,3417883753.0
5965794392.0,22.509308059153103,2023,"Raleigh-Cary, NC",75129.0,1509231.0,34.1,0.025,343.1675,60.78333333333333,4231.0,7.25,4845.65,4714122321.0
37007519.0,17.426631666179098,2023,"Rapid City, SD",70144.0,146857.0,3.0,0.0,436.1425,48.62500000000001,7515.0,10.8,4845.65,35574692.0
2389165364.0,21.594209921814613,2023,"Reading, PA",61575.0,432821.0,31.6,0.0899,273.78000000000003,54.93333333333334,5324.0,7.25,4845.65,2096012185.0
136957366.0,18.735180238280247,2023,"Redding, CA",57637.0,180366.0,2.8,0.0884,317.26,54.7,5252.0,15.5,4845.65,130021232.0
3434128478.0,21.957029012233768,2023,"Reno, NV",81358.0,502199.0,30.6,0.0,372.45,49.42499999999999,6873.0,10.25,4845.65,3863993734.0
2579848011.0,21.67099632367953,2023,"Richmond, VA",71794.0,1349732.0,32.3,0.06,347.91749999999996,59.041666666666686,4542.0,12.0,4845.65,3283483268.0
11229612832.0,23.141820128878045,2023,"Riverside-San Bernardino-Ontario, CA",52553.0,4688053.0,98.5,0.0884,464.43,64.77499999999999,4991.0,15.5,4845.65,11329243176.0
855283757.0,20.566943851373367,2023,"Roanoke, VA",59820.0,314314.0,16.8,0.06,295.0625,54.65833333333334,4985.0,12.0,4845.65,768332165.0
258719029.0,19.37125320069388,2023,"Rochester, MN",68561.0,229077.0,9.4,0.098,317.16,47.53333333333333,7722.0,10.59,4845.65,215866549.0
4445521116.0,22.215162935486067,2023,"Rochester, NY",61762.0,1076559.0,52.3,0.065,257.5,49.25833333333333,6491.0,14.2,4845.65,4332801206.0
4419963534.0,22.20939728277574,2023,"Rockford, IL",54249.0,334124.0,25.5,0.095,201.6375,51.650000000000006,6531.0,13.0,4845.65,4134866235.0
1340579260.0,21.01636764108369,2023,"Rocky Mount, NC",51308.0,145383.0,11.0,0.025,250.88,62.01666666666667,4177.0,7.25,4845.65,1056070615.0
141198658.0,18.765678378728957,2023,"Rome, GA",46727.0,100113.0,6.5,0.0575,309.715,61.9,4183.0,7.25,4845.65,100320255.0
7586615790.0,22.74965145145068,2023,"Sacramento-Roseville-Folsom, CA",70418.0,2420608.0,40.6,0.0884,390.98,54.7,5252.0,15.5,4845.65,5716722581.0
1696225581.0,21.25167137313648,2023,"Saginaw, MI",50278.0,187782.0,11.4,0.06,228.6925,49.61666666666667,6508.0,10.1,4845.65,1591567562.0
404771494.0,19.818833253497452,2023,"Salem, OR",57774.0,436546.0,12.1,0.076,401.7225,52.55,5225.0,14.2,4845.65,422258619.0
943139636.0,20.66472490598758,2023,"Salinas, CA",68943.0,430723.0,5.0,0.0884,410.715,58.399999999999984,3537.0,15.5,4845.65,1085521583.0
178176028.0,18.998282540944096,2023,"Salisbury, MD",62081.0,447390.0,15.0,0.0825,351.3725,59.65833333333334,4620.0,13.25,4845.65,648594427.0
12775185542.0,23.270770496766325,2023,"Salt Lake City-Murray, UT",70395.0,1267864.0,63.4,0.0485,453.645,48.708333333333336,7309.0,7.25,4845.65,12340089977.0
320162530.0,19.584339331067326,2023,"San Angelo, TX",65650.0,122003.0,4.1,0.0,354.9275,69.09166666666668,4872.0,7.25,4845.65,345276991.0
12821765903.0,23.27441002489667,2023,"San Antonio-New Braunfels, TX",59477.0,2703999.0,61.0,0.0,374.37749999999994,72.64166666666667,4822.0,7.25,4845.65,13173604662.0
22975303952.0,23.85768573478509,2023,"San Diego-Chula Vista-Carlsbad, CA",79122.0,3269973.0,115.5,0.0884,521.1075,59.92499999999999,3541.0,15.5,4845.65,24657944129.0
24252990256.0,23.91180575625368,2023,"San Francisco-Oakland-Fremont, CA",130730.0,4566961.0,149.9,0.0884,485.96,58.399999999999984,3537.0,15.5,4845.65,30649029370.0
22985402592.0,23.85812518147431,2023,"San Jose-Sunnyvale-Santa Clara, CA",148036.0,1945767.0,131.1,0.0884,532.27,58.399999999999984,3537.0,15.5,4845.65,24342173195.0
339900178.0,19.644162538349644,2023,"San Luis Obispo-Paso Robles, CA",72721.0,281639.0,8.5,0.0884,471.12750000000005,58.399999999999984,3537.0,15.5,4845.65,308240159.0
1040707681.0,20.763166781190055,2023,"Santa Cruz-Watsonville, CA",88581.0,261547.0,7.9,0.0884,442.37749999999994,58.399999999999984,3537.0,15.5,4845.65,967600277.0
29847765.0,17.2116205206278,2023,"Santa Fe, NM",77717.0,155956.0,0.8,0.059,315.54499999999996,47.616666666666674,6974.0,12.0,4845.65,20844750.0
1640236193.0,21.21810608853457,2023,"Santa Maria-Santa Barbara, CA",82736.0,441257.0,12.8,0.0884,447.7825,59.92499999999999,3541.0,15.5,4845.65,1593130102.0
1121754676.0,20.838159971298417,2023,"Santa Rosa-Petaluma, CA",83408.0,481812.0,22.7,0.0884,405.745,52.99999999999999,5120.0,15.5,4845.65,1297271657.0
6206133895.0,22.548803977828484,2023,"Savannah, GA",58046.0,424935.0,21.9,0.0575,417.455,68.70833333333333,3935.0,7.25,4845.65,6171172230.0
1562983163.0,21.169862116094844,2023,"Scranton--Wilkes-Barre, PA",54826.0,569413.0,30.1,0.0899,262.66749999999996,49.7,6247.0,7.25,4845.65,1617671921.0
36267266775.0,24.31418142966802,2023,"Seattle-Tacoma-Bellevue, WA",99339.0,4044837.0,164.5,0.0,503.255,49.60833333333333,5881.0,15.74,4845.65,34159860226.0
219752982.0,19.20801466440336,2023,"Sebastian-Vero Beach-West Vero Corridor, FL",105827.0,169795.0,2.8,0.055,427.38,74.97500000000001,4384.0,12.0,4845.65,149107233.0
1009111569.0,20.732336146040527,2023,"Sheboygan, WI",63878.0,117752.0,22.1,0.079,291.025,47.849999999999994,7161.0,7.25,4845.65,889301297.0
604003447.0,20.219090462836448,2023,"Sherman-Denison, TX",55946.0,146907.0,8.0,0.0,423.1975,67.825,5003.0,7.25,4845.65,736175633.0
383649512.0,19.76523996459444,2023,"Shreveport-Bossier City, LA",61150.0,383295.0,9.4,0.075,241.43,67.625,4582.0,7.25,4845.65,550061054.0
308083644.0,19.545881875497574,2023,"Sierra Vista-Douglas, AZ",53304.0,124640.0,0.8,0.049,293.9925,64.16666666666667,4738.0,13.85,4845.65,275967665.0
1528178607.0,21.14734241025761,2023,"Sioux City, IA-NE-SD",65153.0,149893.0,15.3,0.084,296.7625,50.68333333333333,7113.0,7.25,4845.65,1794329042.0
510869049.0,20.051623851138835,2023,"Sioux Falls, SD-MN",78354.0,295004.0,15.3,0.0,340.15,48.208333333333336,8021.0,10.8,4845.65,371286946.0
804620051.0,20.50588073762682,2023,"South Bend-Mishawaka, IN-MI",57010.0,324490.0,15.3,0.049,286.3375,52.325,6001.0,7.25,4845.65,754255764.0
2317188903.0,21.56362060820583,2023,"Spartanburg, SC",53700.0,356698.0,38.7,0.05,308.4375,62.008333333333326,4081.0,7.25,4845.65,2212797042.0
818707338.0,20.523237237296616,2023,"Spokane-Spokane Valley, WA",57886.0,600292.0,17.9,0.0,398.875,45.775,7588.0,15.74,4845.65,815653028.0
140596070.0,18.76140158531434,2023,"Springfield, IL",60446.0,205445.0,3.7,0.095,199.8225,56.06666666666667,5653.0,13.0,4845.65,117985732.0
413588155.0,19.840381241966963,2023,"Springfield, MO",53435.0,491053.0,19.6,0.04,283.2875,58.68333333333333,5249.0,12.0,4845.65,436505795.0
247751392.0,19.327936349725693,2023,"Springfield, OH",50553.0,134610.0,6.9,0.0,248.0025,53.43333333333334,5626.0,10.1,4845.65,199768801.0
257047894.0,19.364772983473657,2023,"St. Cloud, MN",61633.0,202577.0,15.0,0.098,322.0375,45.71666666666666,8416.0,10.59,4845.65,272249701.0
90274295.0,18.31836331562624,2023,"St. George, UT",54405.0,202452.0,4.0,0.0485,359.195,58.59166666666665,5566.0,7.25,4845.65,99183434.0
13817019521.0,23.349166967844727,2023,"St. Louis, MO-IL",75577.0,2796999.0,117.4,0.04,280.5925,56.20833333333334,5740.0,12.0,4845.65,14215586343.0
283795928.0,19.463765974454795,2023,"State College, PA",57800.0,157795.0,4.5,0.0899,312.815,50.225,6128.0,7.25,4845.65,253012933.0
4721950532.0,22.275487799485397,2023,"Stockton-Lodi, CA",59361.0,800965.0,23.5,0.0884,369.1275,57.45000000000001,4669.0,15.5,4845.65,5149209775.0
122327398.0,18.622211598462545,2023,"Sumter, SC",49418.0,135169.0,6.4,0.05,300.31500000000005,64.99166666666667,3940.0,7.25,4845.65,123359548.0
2411674252.0,21.60358705362287,2023,"Syracuse, NY",60736.0,652956.0,25.3,0.065,273.58000000000004,49.19999999999999,6483.0,14.2,4845.65,2547516528.0
315581178.0,19.56992650637426,2023,"Tallahassee, FL",55363.0,392645.0,4.1,0.055,318.2,69.74166666666667,4071.0,12.0,4845.65,233196541.0
7923564400.0,22.793106992035444,2023,"Tampa-St. Petersburg-Clearwater, FL",63789.0,3342963.0,75.0,0.055,530.4775,74.97500000000001,4384.0,12.0,4845.65,9588164695.0
296367426.0,19.507110546561467,2023,"Terre Haute, IN",48561.0,185271.0,10.0,0.049,240.2675,54.34166666666667,5668.0,7.25,4845.65,273424316.0
321165945.0,19.587468510131973,2023,"Texarkana, TX-AR",47883.0,145907.0,5.7,0.0,271.13,68.49166666666667,4620.0,7.25,4845.65,149662255.0
4165385913.0,22.150074764455372,2023,"Toledo, OH",58180.0,639944.0,45.4,0.0,227.8625,53.28333333333333,5765.0,10.1,4845.65,5047791094.0
445417490.0,19.914522580090217,2023,"Topeka, KS",57810.0,232322.0,9.1,0.04,272.395,57.53333333333334,5931.0,7.25,4845.65,417616769.0
1292342824.0,20.97972255076267,2023,"Trenton-Princeton, NJ",84392.0,381671.0,10.7,0.09,306.4875,56.73333333333333,5018.0,14.13,4845.65,1472943573.0
4502954886.0,22.227999659561423,2023,"Tucson, AZ",58232.0,1063162.0,28.4,0.049,355.65,64.16666666666667,4738.0,13.85,4845.65,3779406416.0
3234519376.0,21.8971461838462,2023,"Tulsa, OK",69022.0,1044757.0,51.7,0.04,304.2825,60.916666666666664,5288.0,7.25,4845.65,3379153906.0
162115370.0,18.90381880022453,2023,"Tyler, TX",66887.0,245209.0,7.4,0.0,336.40999999999997,68.49166666666667,4620.0,7.25,4845.65,132698682.0
744914779.0,20.428780379196706,2023,"Utica-Rome, NY",55237.0,287039.0,11.9,0.065,290.6225,47.875,6903.0,14.2,4845.65,788804692.0
880571958.0,20.59608220658175,2023,"Vallejo, CA",64514.0,449218.0,11.2,0.0884,376.0625,54.7,5252.0,15.5,4845.65,836555729.0
108158844.0,18.49911148233199,2023,"Victoria, TX",59170.0,98808.0,2.1,0.0,329.58750000000003,72.55833333333334,4625.0,7.25,4845.65,93728717.0
603351668.0,20.218010782044576,2023,"Vineland, NJ",49367.0,152326.0,8.6,0.09,280.09749999999997,56.73333333333333,5018.0,14.13,4845.65,524422814.0
6338273015.0,22.569872173178847,2023,"Virginia Beach-Chesapeake-Norfolk, VA-NC",62575.0,1806890.0,58.5,0.06,336.005,60.525,4465.0,12.0,4845.65,5750109975.0
1379981458.0,21.045335899793372,2023,"Visalia, CA",48253.0,479468.0,13.7,0.0884,321.35999999999996,57.45000000000001,4669.0,15.5,4845.65,1571293328.0
848467558.0,20.55894240737607,2023,"Waco, TX",53528.0,285869.0,16.6,0.0,383.9249999999999,67.825,5003.0,7.25,4845.65,965700004.0
123307112.0,18.630188646925298,2023,"Walla Walla, WA",56420.0,61568.0,4.0,0.0,401.855,52.150000000000006,6281.0,15.74,4845.65,250543139.0
14758948403.0,23.415115407171378,2023,"Washington-Arlington-Alexandria, DC-VA-MD-WV",89396.0,6413831.0,57.2,0.06,367.745,56.64166666666666,4930.0,12.0,4845.65,14001940531.0
1976451402.0,21.404568852490808,2023,"Waterloo-Cedar Falls, IA",57114.0,168162.0,16.1,0.084,306.66499999999996,48.81666666666667,7289.0,7.25,4845.65,480407939.0
215408046.0,19.188044675749374,2023,"Watertown-Fort Drum, NY",54926.0,114787.0,1.8,0.065,289.72249999999997,49.25833333333333,6491.0,14.2,4845.65,256366253.0
316739752.0,19.573591023050973,2023,"Wausau, WI",61617.0,167017.0,18.8,0.079,273.6575,43.541666666666664,8348.0,7.25,4845.65,360127011.0
375757824.0,19.744455408735867,2023,"Weirton-Steubenville, WV-OH",50649.0,113544.0,4.7,0.065,278.0575,54.29999999999999,5263.0,8.75,4845.65,269928944.0
478920603.0,19.987045385895065,2023,"Wenatchee-East Wenatchee, WA",62458.0,124795.0,2.9,0.0,398.31499999999994,43.775,7993.0,15.74,4845.65,476571737.0
1784907710.0,21.30263254776013,2023,"Wheeling, WV-OH",56458.0,135517.0,3.0,0.065,249.12,54.29999999999999,5263.0,8.75,4845.65,478920603.0
279523631.0,19.44859739439158,2023,"Wichita Falls, TX",56148.0,149947.0,5.4,0.0,280.485,65.675,5156.0,7.25,4845.65,245096367.0
4475085843.0,22.22179137128254,2023,"Wichita, KS",60375.0,652939.0,52.1,0.04,274.925,58.208333333333336,5823.0,7.25,4845.65,4550407870.0
393730543.0,19.79117733228,2023,"Williamsport, PA",53630.0,112724.0,7.6,0.0899,271.455,52.150000000000006,5781.0,7.25,4845.65,369984223.0
671452977.0,20.32495454466991,2023,"Wilmington, NC",62278.0,307373.0,8.5,0.025,399.6475,63.54999999999999,3989.0,7.25,4845.65,593644942.0
1071122750.0,20.79197323435618,2023,"Winston-Salem, NC",57101.0,695630.0,34.1,0.025,281.45750000000004,60.116666666666674,4331.0,7.25,4845.65,1012083982.0
1207873141.0,20.91212691521602,2023,"Yakima, WA",51488.0,256643.0,8.2,0.0,326.76250000000005,52.150000000000006,6281.0,15.74,4845.65,1204117814.0
2312594272.0,21.5616357927902,2023,"York-Hanover, PA",60915.0,464640.0,32.9,0.0899,262.45750000000004,54.8,5379.0,7.25,4845.65,2084225511.0
753454091.0,20.44017864650379,2023,"Youngstown-Warren, OH",51869.0,534472.0,18.7,0.0,241.2925,52.35833333333333,5697.0,10.1,4845.65,861121131.0
222986589.0,19.22262218860252,2023,"Yuba City, CA",52354.0,183670.0,2.3,0.0884,362.295,54.7,5252.0,15.5,4845.65,274484120.0
734844797.0,20.41516987433537,2023,"Yuma, AZ",46441.0,213221.0,2.9,0.049,316.31499999999994,72.43333333333332,5374.0,13.85,4845.65,587943797.0
